Name,Age,Email,Phone Number,Address
Caroline Thomas,73,xcrawford@example.com,807.632.4948,"9760 Reynolds Wall Suite 370
North Josephshire, ID 98965"
Christopher Romero,42,ucollins@example.com,724.610.5096,"20522 Daniel Fields
New John, NV 62717"
Cindy Hughes MD,83,matthewsnyder@example.net,001-423-375-0141x739,"655 Donald Garden Apt. 694
Georgeville, SD 26015"
Michael Smith,77,muellerjennifer@example.com,(312)697-7019x591,"555 Ryan Skyway Suite 672
Lake Kathryn, OR 79621"
Randy Jefferson,67,armstrongbarbara@example.org,(610)789-5806x7790,"101 Ballard Land Apt. 717
South Robyn, AL 62369"
Gabriela Lewis,35,mccartykenneth@example.org,(371)832-2173,"09467 Whitehead Mountain Suite 557
Janefort, WA 07999"
Daniel Simpson,48,mark11@example.net,(204)522-9250x78786,"862 Sarah Wells Apt. 591
Port Chelsea, GA 74451"
Brandon Hernandez,26,millerbryce@example.org,(368)314-4641,"Unit 6924 Box 2962
DPO AP 04301"
Devin Cruz,88,ajuarez@example.org,707.637.4981x527,"719 Dawn Pike
North Michael, FM 81761"
Jillian Gonzalez,73,joseph25@example.org,+1-336-525-1915x619,"3680 Hernandez Burg Apt. 341
East Meganshire, GA 11236"
Alexander Blackwell PhD,65,maryford@example.net,676-385-4256,"28740 Chelsea Stravenue Suite 384
Port Kellyville, LA 57317"
Terry Hardy,35,nscott@example.com,947.612.7689,"997 Harper View
New Josephfort, TN 07658"
Alexander Cook,49,meredithmack@example.com,394.258.4337x5034,"4807 Joseph Lodge Suite 433
Michaelbury, MP 60955"
Bruce Clements,31,mary31@example.net,(697)898-2293x728,"24764 Ryan Heights
East Chelsea, NH 19632"
Christopher Moss,52,eholden@example.com,4726888150,"5266 Jenny Motorway
South Joseph, PR 25831"
Caleb Wagner,78,amandawatts@example.org,(939)629-9641x8296,"514 Carol Ferry
Maryfurt, FL 98542"
Sharon Roberts,77,cmiddleton@example.com,479.567.3077x581,"7222 Kirk Lodge
Elaineside, WV 82472"
Jeremy Peterson,88,wattsmichael@example.com,001-692-374-7033x908,"37806 Baker Light
Lake Andrewchester, IA 97413"
Joshua Evans,58,crawfordsamantha@example.org,(468)880-1558x94303,"00980 John Courts Suite 550
Karastad, MD 66561"
Norma Johnson,90,reevesandrew@example.org,001-407-697-4442x79144,"PSC 1513, Box 2333
APO AE 51036"
Valerie Ford,91,hfischer@example.com,(552)598-2239,"1184 Tommy Oval
Brownmouth, ND 82723"
Joshua Dominguez,37,qporter@example.net,8774853675,"121 Turner Spurs
North Saraville, NY 82091"
Jared White,99,timothysmith@example.net,643.414.1281x6286,"1456 Joshua Fork
South Erika, RI 15670"
George Moran,82,rebeccadurham@example.net,+1-409-531-5906,"700 Rebecca Groves Suite 646
West Jeremyborough, VT 19448"
George Webb,68,dana47@example.net,956-392-6613x8080,"25358 Walker Lights
East Theresaborough, SD 70056"
Kenneth Harris,64,kgibbs@example.org,(568)722-3798,"660 Donna Locks
Williamsfurt, GA 55122"
Janet Burns,22,oduran@example.com,612.719.8172x21801,"40947 Wood Ferry
Sarahberg, NY 70576"
Robert Young,49,brianblevins@example.com,249.701.0737x54968,"4958 Stone Fall
Lisaberg, AZ 47340"
Kelly Morris,99,djones@example.org,877-420-2047x69024,"79688 Ronald Roads Apt. 784
Luisland, RI 78513"
Jennifer Martin,22,qbaird@example.com,631.690.6616x0526,"Unit 5458 Box 1910
DPO AP 32472"
Willie Gonzales,42,tiffany21@example.org,9076323112,"65366 Christopher Village Suite 200
Hernandezview, NJ 03662"
Alexandra Miller,37,bakercolleen@example.com,+1-234-397-3877,"550 Figueroa Gateway
North Dana, MP 72848"
Nancy Thompson,36,marquezangel@example.com,+1-853-807-0055x936,"35580 Richard Mills
North Lorimouth, VT 58651"
Adam Harmon,82,emily02@example.org,549.531.5830,"2192 Denise Falls
Lake Joytown, CT 07693"
Peter Key,60,ibradford@example.org,510-297-8254x587,"28057 Carter Path
East Thomas, ID 91671"
Ryan Everett,53,james58@example.com,6849696103,"PSC 0698, Box 7788
APO AP 91813"
Nicholas Schmidt,38,yalvarez@example.org,670.678.4037x949,"177 Daniel Prairie Suite 041
New Johnland, CO 04474"
Brooke Gill,44,tkirk@example.net,387-420-8832x25289,"1307 Murphy Brook Suite 248
East Veronicaburgh, NJ 56264"
Charles Meyers,99,susannolan@example.net,(333)662-3660x30483,"8479 Alvarez Point
Hudsonview, FM 07499"
Jennifer Thompson,97,kbrown@example.com,+1-761-660-2058,"USNV Webb
FPO AE 07673"
Christopher Carpenter,40,campbellmonica@example.org,+1-590-395-7966x40513,"PSC 6185, Box 1555
APO AP 39591"
Richard Hernandez,63,gconner@example.com,4669799009,"859 Eric Viaduct
New Raymond, WY 60458"
Richard Nelson,44,sgentry@example.net,001-201-418-2547x080,"2617 Michael Skyway
Englishstad, OK 28663"
Raymond Sampson,19,sara32@example.org,585.769.4333,"182 Edwards Club Apt. 593
Aaronport, OK 94000"
Joseph Robinson,80,vevans@example.org,753-675-5182x82888,"9893 Diana Roads Suite 248
Smithfurt, DC 08560"
David Schmidt,38,lisa07@example.com,715-539-1987x3025,"6921 Kelley Ford
Port Reginafort, SC 62994"
Megan Vasquez,22,stephensbenjamin@example.net,+1-731-879-4416x02599,"0553 Johns Rapids Apt. 224
Montoyafort, GA 90286"
Barbara Sanchez,86,leeamber@example.com,365.926.4120x97369,"6245 Hall Wells
New Brian, PW 91476"
Justin Sloan,37,jeffery24@example.net,395.817.2361x11688,"89180 Hernandez Streets
New Catherine, IA 94884"
Tracey Owens,62,nathan49@example.org,(461)967-8555x8749,"5140 Jennifer Island
Smithside, ID 24609"
Christine Walker,77,reginaallen@example.net,817.822.9471,"449 Sullivan Groves
West Michelle, PR 51945"
Daniel Simmons,81,jillian64@example.com,001-524-648-0346,"6858 Jonathan Bypass Apt. 024
East Rebeccashire, WA 60731"
Natasha Kirk,94,jessicaevans@example.com,+1-498-658-5353,"8638 Alex Knolls
Martintown, DE 01899"
Brooke Casey,67,bgonzalez@example.org,3843335795,"240 Jennifer Turnpike Suite 642
Port James, OH 61172"
Kerry Barron,69,stephen64@example.org,+1-876-778-2026,"082 Chase Inlet Suite 727
Merrittville, AL 74838"
Justin Morales,51,bauerlisa@example.net,819-813-1492,"223 William Way
East Jeanette, SD 76870"
Michael Cruz,32,michelle82@example.org,379.289.7045,"479 Brian Garden
East Olivia, MH 44959"
Todd Allen,27,joseph38@example.net,550.231.9032x82408,"152 Powers Port Suite 797
Williamshire, LA 12380"
Brittany Mclaughlin,85,reevesamanda@example.com,+1-705-758-9488x9737,"048 Perez Ramp Apt. 400
Lake Cristianshire, MH 24626"
Michelle Williams,94,john53@example.net,(923)576-5103x2943,"3094 Barbara Greens
Nicholasside, MD 97836"
Taylor Berg,32,garciamarilyn@example.net,(839)317-0615x49621,"68593 Kelly Summit
Alexisshire, NJ 91555"
John Stevens,86,kimdaniel@example.net,+1-496-213-0748x40739,"0583 Henderson Plaza Suite 570
Maddoxfort, PR 59720"
Justin Thomas,99,holtjohn@example.net,344.308.4262,"04114 Nicholas Ridges Suite 754
Victorport, TN 41583"
Adam Castillo,96,laura25@example.org,484-818-6570,"6363 Jimenez Spring Apt. 709
Lake Christopher, PW 09667"
Lisa Murphy,19,josephanderson@example.org,(649)839-4258x634,"2543 Heather Path
North David, PR 39951"
Kayla Stanley,65,doughertyolivia@example.org,001-821-647-5667x491,"13053 Janice Parkways
Adamsfort, IN 39013"
Charles Chung,42,marytaylor@example.org,+1-336-391-1877x3978,"80671 Sarah Plaza Apt. 649
Tamaraville, MD 61128"
Angel Montgomery,53,rosstimothy@example.org,269.221.0965x510,"8483 Jason Ports Suite 676
Collinsburgh, MT 37951"
Claire Deleon,62,dillongomez@example.com,(842)661-9731x6566,"150 Lori Island
East Stephen, ME 38396"
Melissa Alexander,51,ierickson@example.com,540.514.0716,"99753 Leslie Inlet Apt. 730
East Danielville, RI 08721"
Angela Jacobson,22,jenniferwhite@example.org,592-984-2356,"7523 Bishop Roads Apt. 944
Tanyamouth, NE 95893"
Jason Garza,84,allison11@example.net,810.604.9620,"65686 Marshall Lock
Bondchester, PA 96739"
Jesse Weaver,58,alyssa10@example.com,001-664-315-5269,"146 Rhonda Parkways
Littlefurt, AL 81519"
Johnny Walton,54,jason27@example.com,9396046615,"11365 Debra Extensions Suite 552
Robertsonview, AZ 18404"
Patricia Griffin,75,kristenrodriguez@example.net,501.339.6764,"002 Rodney Path
North Thomasbury, CO 51197"
Jennifer Jones,54,brian43@example.net,650-387-1708,"4435 Castillo Islands Apt. 318
Smithland, NE 45144"
Sean Taylor,57,stevenhorn@example.net,(897)829-4611,"4024 Brent Manor Apt. 346
Laneland, IN 06108"
Steve Camacho,38,fhowell@example.net,2447689384,"23568 Casey Crescent Suite 256
Port Alexandra, IN 03431"
Andrea Velez,62,ashleyhernandez@example.org,373.949.2591x9574,"471 Steele Park
New Randallchester, AS 23790"
Michael Hamilton,49,lisatate@example.org,594.634.1271x81047,"51616 Jones Lodge Apt. 727
Brennanton, GA 27095"
Heather Rogers,73,tracyjefferson@example.org,276.346.1399x84158,"520 Peter Shoal Apt. 607
Deborahville, OR 31279"
Paul Chavez,72,carrie61@example.com,+1-398-661-9719x378,"36249 Susan Pine
Markshire, KS 99046"
Hannah Burgess,55,vickigomez@example.net,001-372-637-8925x2978,"2292 Blair Lane
South Jamesstad, ND 80551"
Erin Smith,42,michaelbass@example.org,612.907.8768,"610 Stacy Manors Suite 885
East Rebecca, MH 66410"
Juan Mullins,83,ruthstone@example.net,(222)985-0097,"861 Elizabeth Via
North Jesseside, WI 98609"
Glenn Rocha,80,lauren33@example.com,001-635-584-4779,"750 Howard Skyway Suite 016
Port Amandaport, NC 84693"
Timothy Reese,49,paul02@example.com,426.315.0898,"018 Laura Avenue
Jerryborough, UT 47798"
Robert Wu,24,stevenmurray@example.net,001-336-587-4594x2768,"907 Hamilton Freeway Suite 538
North Carla, MT 43352"
Dawn Choi,39,stephaniehays@example.com,467-684-6103,"74143 Amy Pike Suite 200
Ashleyberg, AL 74397"
Devin Lopez Jr.,44,hinesjared@example.net,4944777976,"24734 Garcia Crest Suite 941
Holttown, FM 52106"
Christopher Carr,97,trevinolisa@example.org,(402)773-8765x328,"056 Salinas Heights
New Richardfort, DE 63066"
Courtney Gallagher,91,codyjones@example.net,795.778.3142,"85402 Huff Roads Suite 328
New Michaelfurt, AZ 91968"
Lynn Medina,97,martinbarajas@example.org,+1-959-656-5171x874,"560 Cassandra Route Apt. 875
North Mary, NH 67306"
Joseph Wright,93,aevans@example.com,315-407-0981x54542,"093 John Light Apt. 831
West Jordanmouth, RI 21450"
Heather Logan,32,joann47@example.com,(447)654-1690x22497,"5159 Cooper Pike
Hubbardfort, VT 94875"
Nancy Smith,59,adamsdouglas@example.org,001-917-793-5390,"45478 Jimenez Loop
Snyderfurt, NC 36326"
Richard Wyatt,66,murphyjared@example.org,8548933195,"38432 Shelton Ways
North April, PR 25912"
Virginia Baker,25,qfriedman@example.com,432-755-3768,"464 Jennifer Villages Suite 998
Jessicaborough, CT 59879"
Gail Henson,23,jonesveronica@example.org,848.791.8181x2824,"1925 Mcbride Path Apt. 801
Jeffreyfurt, AK 69063"
Phillip Orr,45,tbowen@example.org,+1-361-363-2637,"2756 White Pines Suite 527
Sarahbury, CO 62876"
